,actual,ann,cnn,lstm,gru
0,0.022992201945494006,0.021949125453829765,0.01660103425383568,0.02760244607925415,0.027890603244304656
1,0.022339014390224288,0.02425658851861954,0.014763738960027695,0.02595088928937912,0.024806448817253114
2,0.01963582281533885,0.02625232096761465,0.015308432281017303,0.025988952815532686,0.024884191155433655
3,0.017053219712195533,0.024210067093372346,0.01346239000558853,0.024470269680023193,0.025561578571796417
4,0.017786799581959972,0.024766913056373595,0.010477264225482941,0.024666750431060792,0.02614056468009949
5,0.014159096390385068,0.028881743922829627,0.009913985431194306,0.025088475644588472,0.025574949383735657
6,0.008501487257818158,0.02579890564084053,0.008589540421962739,0.02553069293498993,0.024049663543701173
7,0.01126497306857463,0.01572227068245411,0.00810932070016861,0.021160036325454712,0.017562375962734224
8,0.011606640405177254,0.01999393105506897,0.006399049609899521,0.019346603751182558,0.01427871584892273
9,0.004079909960607753,0.018815081752836704,0.006694707274436951,0.019433535635471344,0.014411243796348571
10,0.0027735348500683155,0.01983075514435768,0.005022101104259491,0.0178720623254776,0.015388840436935424
11,0.0023213280810354397,0.019338103383779524,0.0022148266434669495,0.01810651272535324,0.016012516617774964
12,0.0016279443685183748,0.024243328347802164,0.001594887673854828,0.018740499019622804,0.015369179844856262
13,0.0032558887370367218,0.020012714341282843,0.00044740885496139524,0.019159866869449614,0.01367049217224121
14,0.002532357906584126,0.010366685688495636,-0.0031860329210758207,0.01007748544216156,0.007920300960540772
15,0.0031051531473590965,0.008914356306195258,-0.005134990811347962,0.007906416058540344,0.004226109385490418
16,0.003667899348822251,0.014720042236149311,-0.005383366346359253,0.008375230431556701,0.004519212245941162
17,0.0006330894766460315,0.011540010944008828,-0.006733793020248413,0.006674948334693909,0.006018424034118652
18,0.00284387812525122,0.009172995388507844,-0.009453989565372467,0.006752540171146393,0.0068940937519073485
19,0.001577699171959157,0.011929729953408241,-0.01052517294883728,0.007909494638442992,0.006156021356582641
20,0.002311279041723624,0.011971349269151688,-0.011306114494800568,0.00830414891242981,0.0043137818574905396
21,0.0046627542406945666,0.008838744461536407,-0.002638853341341019,0.008106906712055207,0.007331469655036926
22,0.005336039874587972,0.007528366521000862,-0.004965922236442566,0.005890454351902008,0.0035831153392791746
23,0.00410000803923144,0.013364173658192157,-0.004819214344024658,0.006528060138225556,0.0038976043462753294
24,0.006913739046547157,0.009362120553851128,-0.006321699917316436,0.004909811913967133,0.005466195940971375
25,0.007144866950719503,0.0070986077189445496,-0.009041574597358704,0.0048884376883506775,0.006414783000946045
26,0.006541924592009002,0.01014663241803646,-0.009911867976188659,0.0060854658484458925,0.005674856901168823
27,0.006632365945815594,0.011443816870450974,-0.011319606006145478,0.006584012508392334,0.0038191765546798707
28,0.010682128788487816,0.01217428669333458,0.0013748057186603545,0.01145186573266983,0.011510199308395386
29,0.008129672803280003,0.009692651405930518,-0.001138290762901306,0.009307533502578735,0.00784478485584259
30,0.008823056515797095,0.016635847650468348,-0.0008840233087539673,0.009840743243694305,0.008159139752388
31,0.008380898786076035,0.012300481274724006,-0.002196207642555237,0.008380086719989776,0.009547039866447449
32,0.010179676822895722,0.012295767664909363,-0.005173493921756744,0.008349263668060302,0.010437083244323731
33,0.009415949835195753,0.012731431424617768,-0.0062533155083656315,0.009344439208507537,0.009728756546974183
34,0.010119382587024689,0.015752160176634788,-0.007642298936843872,0.009966136515140533,0.00790657103061676
35,0.009285312324141815,0.01401292011141777,0.0045178204774856566,0.014448440074920655,0.014395225048065185
36,0.008782860358549721,0.009945913404226302,0.0014695540070533753,0.012353861331939697,0.01079658567905426
37,0.014510812766299536,0.018379718251526355,0.0016915842890739441,0.012723594903945923,0.011110767722129822
38,0.017002974515636315,0.013362860307097435,0.0005000919103622436,0.011344604194164276,0.012348395586013795
39,0.01488262722083769,0.015271540358662605,-0.002661590278148651,0.011352740228176117,0.013159534335136414
40,0.017103464908754723,0.014170974120497703,-0.0036904066801071167,0.012180869281291962,0.012483060359954834
41,0.013254682852319316,0.01674647592008114,-0.005142505466938019,0.012857581675052642,0.010698932409286498
42,0.012119141410081191,0.01650540977716446,0.00830870121717453,0.018672257661819458,0.019235271215438842
43,0.011727228876919377,0.012672866508364678,0.00505169928073883,0.016653545200824738,0.015793055295944214
44,0.009576734464185221,0.021178374998271465,0.005409413576126098,0.01687687188386917,0.01606754958629608
45,0.013716938660664035,0.015833207592368125,0.004240834712982177,0.015513232350349427,0.01707150340080261
46,0.01008923546908913,0.018265486881136894,0.0010205417871475219,0.015551277995109558,0.017789506912231447
47,0.009114478655840502,0.01762775592505932,0.00027886033058166504,0.016199830174446105,0.01718408167362213
48,0.007536779483881345,0.018797208741307258,-0.0014892369508743286,0.01691039502620697,0.01545054018497467
49,0.010601736473993095,0.013182536512613297,0.004146445542573929,0.01566617041826248,0.013830018043518067
50,0.009385802717260222,0.010296173766255379,0.0013931304216384887,0.013605009019374847,0.010305649042129517
51,0.00954658734624969,0.017436379753053188,0.0019104748964309693,0.013860495388507843,0.010573536157608032
52,0.008240212235710281,0.013248950615525246,0.0004948705434799194,0.012418192625045777,0.011776238679885864
53,0.005858589918803753,0.015060755237936974,-0.0025373965501785277,0.01250082701444626,0.01253671944141388
54,0.0037683897419406587,0.014508364349603653,-0.003083457052707672,0.013284577429294587,0.011860966682434082
55,0.006521826513385315,0.01465761624276638,-0.004637041687965393,0.013894836604595184,0.010072854161262513
56,0.0064816303561379685,0.01157091036438942,0.0008261300623416901,0.012497274577617646,0.010841453075408935
57,0.005838491840180066,0.008905615657567978,-0.0015629217028617858,0.010361641645431519,0.007216012477874756
58,0.006461532277514254,0.015594329498708249,-0.0015395417809486388,0.010743601620197296,0.007504931092262268
59,0.003205643540477532,0.011006701365113258,-0.002766649425029755,0.009238144755363465,0.008871740102767945
60,0.002733338692820969,0.012390103936195374,-0.006388479471206665,0.00929829478263855,0.009709271788597106
61,0.0038387330171235634,0.012277209758758545,-0.00655912458896637,0.010225251317024231,0.008998531103134155
62,0.004913980223490627,0.012927425652742386,-0.008097362518310548,0.010818397998809815,0.007177889347076416
63,0.00820001607846288,0.010473210364580154,-0.0007739149034023285,0.010197666287422181,0.009240522980690002
64,0.01026006913739047,0.007796074822545051,-0.003065681457519531,0.008010603487491608,0.00553322434425354
65,0.007999035292226064,0.014640634693205357,-0.0032491698861122132,0.008528171479701996,0.005846887826919556
66,0.007215210225902408,0.010027386620640755,-0.004702381789684296,0.006988309323787689,0.007323238253593445
67,0.0048838331055550965,0.010773685574531556,-0.007816764712333679,0.007013635337352752,0.008226004242897034
68,0.009235067127582597,0.011937449872493743,-0.008536016941070557,0.008050505816936494,0.0074988603591918945
69,0.012913015515716691,0.011506706848740578,-0.00995168685913086,0.008637745678424836,0.005661028623580933
70,0.01231007315700619,0.013214955106377602,0.0018776930868625642,0.013472124934196472,0.014440658688545226
71,0.013254682852319316,0.010651196166872979,-0.00041734427213668823,0.011346738040447234,0.01077539026737213
72,0.01224977892113513,0.017131054401397706,-0.0006664037704467773,0.011777651309967042,0.011123698949813843
73,0.014661548355977161,0.013108222931623458,-0.0021994814276695253,0.01034758985042572,0.012402933835983277
74,0.014973068574644255,0.01456441506743431,-0.005317839980125427,0.010338805615901947,0.013242703676223756
75,0.01381742905378247,0.015509598702192307,-0.006332607567310333,0.011225342750549316,0.012565940618515015
76,0.011727228876919377,0.014589004963636399,-0.0075243949890136715,0.01188029944896698,0.010784205794334412
77,0.01386767425034166,0.015445825830101966,0.007633809000253677,0.017954222857952118,0.01762259900569916
78,0.015967923466516598,0.013494311645627022,0.005143818259239197,0.015927790105342864,0.014156654477119446
79,0.01663116006109816,0.019569080881774427,0.005193047225475311,0.01616434007883072,0.014430233836174011
80,0.016671356218345507,0.014922527968883515,0.0034283876419067385,0.014796027541160583,0.015486419200897217
81,0.012048798134898286,0.016885111480951308,0.00030339062213897706,0.014834396541118622,0.016202762722969055
82,0.017334592812927097,0.019182108342647552,-0.0005589798092842102,0.015515173971652984,0.015580251812934875
83,0.020118176702307256,0.017582287639379503,-0.002150300145149231,0.016207768023014067,0.013833644986152648
84,0.01898263526006913,0.017853860184550284,0.009645175188779831,0.020354054868221283,0.02148507535457611
85,0.016530669667979753,0.01628010720014572,0.006769527494907379,0.01837383061647415,0.018035730719566344
86,0.014651499316665317,0.021418703719973564,0.00708451122045517,0.018527327477931975,0.018330579996109007
87,0.014601254120106127,0.018235956132411957,0.00552816092967987,0.017130328714847563,0.019269245862960815
88,0.01148605193343516,0.020528191328048707,0.0025142967700958253,0.017204217612743378,0.01996671110391617
89,0.010601736473993095,0.021395715698599816,0.001470494270324707,0.017801973223686218,0.019378361105918885
90,0.01170713079829569,0.020319641381502152,0.0001478061079978943,0.018464604020118715,0.017671929299831392
91,0.014098802154514034,0.014437206834554673,0.006095466762781143,0.018158312141895293,0.016331952810287476
92,0.015395128225741628,0.014438486844301223,0.0034550756216049196,0.01617017239332199,0.012865287065505982
93,0.014138998311761408,0.018209879100322724,0.0038874968886375427,0.016345173120498657,0.013120132684707641
94,0.012882868397781189,0.014977759122848511,0.002538244426250458,0.014872746169567108,0.014207249879837036
95,0.022057641289492724,0.0176216259598732,-0.0007380291819572449,0.014986036717891693,0.014902877807617187
96,0.002441916552777562,0.01918845549225807,-0.001401504874229431,0.015698060393333435,0.01425667703151703
97,-0.007576975641128719,0.017042528465390207,-0.0027958080172538757,0.01626300662755966,0.012508133053779602
98,-0.0071750140686550334,0.011662989109754562,-0.000669851154088974,0.014504872262477875,0.008286979794502259
99,-0.0036779483881340946,0.01124642752110958,-0.002867715060710907,0.012476894259452819,0.005025634169578552
100,0.00021102982554865868,0.015534708090126515,-0.002517189085483551,0.012770287692546844,0.005037805438041687
101,0.006009325508481378,0.011883045732975005,-0.004548907279968262,0.011169080436229707,0.00648212730884552
102,0.00328603585497228,0.011959417909383773,-0.007331158220767975,0.01128537505865097,0.007179209589958191
103,0.0031252512259827836,0.01417410485446453,-0.007972495257854461,0.01223183423280716,0.00650607943534851
104,0.0007737760270118132,0.013703219220042228,-0.009133097529411317,0.012705835700035095,0.004656404256820679
105,0.001778679958196,0.00889962762594223,-0.004620210081338882,0.007417567074298859,0.0074458450078964235
106,-0.0021906905699815016,0.006454906612634659,-0.00614946037530899,0.005219969153404236,0.003716251254081726
107,-0.0018490232333789047,0.013508737459778786,-0.006697028875350952,0.005871792137622833,0.004008594155311585
108,-0.00311520218667094,0.009315185248851776,-0.007641829550266266,0.004206593334674835,0.005620226263999939
109,-0.0030850550687354372,0.007775911688804626,-0.010923291742801666,0.0041465312242507935,0.0065798074007034305
110,-0.005386285071147218,0.010026611387729645,-0.011237098276615143,0.005453084409236908,0.005846729874610901
111,-0.006511777474073471,0.010966918617486953,-0.012892167270183563,0.0058621525764465336,0.0039777010679244995
112,-0.005436530267706408,0.006132499128580093,-0.007919708639383316,0.0035533830523490906,0.0008476853370666503
113,-0.005496824503577469,0.0024410128593444825,-0.01019153743982315,0.0014075472950935363,-0.0029178351163864137
114,-0.003758340702628843,0.009905802831053735,-0.010443566739559174,0.0021370843052864073,-0.0027883589267730714
115,-0.0005727952407749981,0.004594159126281738,-0.01177462786436081,0.00046225935220718385,-0.0006548732519149781
116,-0.00040196157247365805,0.0035600535571575164,-0.014494819939136505,0.00036886632442474366,0.0003594726324081421
117,0.00023112790417234574,0.004920360073447228,-0.015441276133060455,0.0018949687480926513,-0.00039574503898620605
118,0.00032156925797893754,0.007826870679855347,-0.017036017775535584,0.002229253947734833,-0.0023649364709854128
119,-0.000311520218667094,0.008360129594802857,-0.002529286593198776,0.004957212507724762,0.00533185601234436
120,-0.0025725540638315003,0.0033526930958032606,-0.004870368540287018,0.002853381633758545,0.001497584581375122
121,-0.0031654473832301577,0.013152963481843472,-0.005395422875881195,0.0036026865243911745,0.0018133729696273803
122,-0.0010451000884315609,0.006497565656900406,-0.006545901298522949,0.0020213276147842407,0.003592762351036072
123,-0.00227108288447625,0.00872812643647194,-0.00951317697763443,0.0018619492650032044,0.004640212655067444
124,-0.0030348098721762196,0.007994220778346061,-0.010927633941173553,0.003337559103965759,0.0039057642221450805
125,-0.0022509848058525628,0.010299482196569443,-0.013248644769191742,0.0037172824144363404,0.0020058721303939818
126,-0.0015174049360881237,0.008379942923784255,-0.004281451553106308,0.0047785684466362,0.0032442182302474974
127,-0.0023112790417235962,0.0031701792031526566,-0.00687991976737976,0.0026553109288215636,-0.0006051182746887207
128,-0.0016178953292065312,0.013405348733067512,-0.0072518929839134215,0.00336858332157135,-0.0002984821796417236
129,0.0018188761154433464,0.00549839623272419,-0.008832694590091705,0.0018242910504341126,0.001537594199180603
130,0.0025725540638315003,0.008594828099012375,-0.011453233659267426,0.0017234519124031066,0.0025862336158752443
131,0.004893882144866968,0.007131991907954216,-0.012176427245140075,0.0031442224979400637,0.0018240392208099365
132,0.003939223410241999,0.009524578601121903,-0.014338372647762299,0.0035549521446228026,-9.338557720184326e-05
133,0.0032558887370367218,0.008436141163110733,0.00133155956864357,0.007883355021476746,0.008678516745567322
134,0.0038186349384998763,0.0052655555307865145,-0.0012309625744819641,0.005731432139873505,0.004889705777168274
135,0.00560736393600772,0.013207934610545636,-0.0015889793634414674,0.006395667791366577,0.005239126086235046
136,0.0038990272529946246,0.006813966110348702,-0.0028260186314582824,0.004948285222053528,0.006808242201805115
137,0.0026629954176380644,0.010647142678499222,-0.006493082642555237,0.0048374786972999574,0.007797625660896301
138,0.003185545461853845,0.009671910479664803,-0.006832225620746613,0.006063571572303772,0.007071501016616822
139,0.0057078543291261274,0.01172231137752533,-0.009080123901367188,0.0065910622477531435,0.0052177667617797855
140,0.0030951041080472808,0.009427820891141891,0.0008449040353298188,0.009964410960674287,0.009334838390350342
141,0.0048637350269314095,0.0055340293794870375,-0.0019965678453445434,0.007795016467571259,0.005610442161560059
142,0.007285553501085312,0.014257962629199029,-0.0013960570096969605,0.008359448611736297,0.005932894349098205
143,0.007084572714848469,0.006802843883633614,-0.0030318453907966616,0.0069386869668960575,0.0074228614568710325
144,0.006632365945815594,0.011648114025592803,-0.006288838386535644,0.006912752985954285,0.008345699310302735
145,0.0021605434520459987,0.011308850720524788,-0.006823353469371796,0.007962934672832489,0.007622742652893066
146,0.003205643540477532,0.0077026993036270145,-0.009311610460281372,0.008578433096408844,0.005785098671913147
147,0.0023715732775946574,0.008627835661172867,0.0016940809786319734,0.010700267553329468,0.009041130542755127
148,0.0031252512259827836,0.00509754978120327,-0.0010748416185379027,0.008537898957729339,0.005388602614402771
149,0.003537261837768313,0.012955445423722267,-0.0010065153241157533,0.009054814279079438,0.00567154586315155
150,0.008923546908915503,0.007322335243225097,-0.0021183684468269346,0.007606920599937439,0.007124754786491394
151,0.008280408392957628,0.01122019737958908,-0.00641428679227829,0.007614849507808686,0.008014145493507385
152,0.00872256612267866,0.01122877448797226,-0.006890645623207093,0.008617439866065979,0.007293537259101868
153,0.010239971058766784,0.00921558141708374,-0.00865204632282257,0.009244407713413238,0.0054522395133972164
154,0.00821006511777475,0.010877549648284912,0.004308909922838211,0.01255820393562317,0.013717421889305114
155,0.007637269876999753,0.007069875299930572,0.0018536314368247987,0.010415400564670562,0.010050839185714722
156,0.008179917999839192,0.014537184685468673,0.0013814181089401244,0.010893316566944122,0.010391584038734436
157,0.01553581477610741,0.009278354793787002,0.0009411707520484925,0.009477390348911286,0.01170409917831421
158,0.012028700056274627,0.013271179795265198,-0.00284130722284317,0.009447190165519714,0.012572664022445678
159,0.009938499879411505,0.014188941568136215,-0.0033434003591537474,0.010377681255340577,0.011883816123008728
160,0.011084090360961502,0.009875504299998283,-0.0050332039594650265,0.011027033627033233,0.010089603066444398
161,0.011094139400273317,0.01374245434999466,0.0061365701258182526,0.015788276493549348,0.015695568919181824
162,0.01610861001688238,0.010724646970629692,0.003722462058067322,0.013714773952960968,0.012151888012886048
163,0.019786558405016474,0.016792229562997817,0.0033377766609191894,0.014033858478069306,0.012449881434440613
164,0.01761596591365866,0.012224607914686204,0.001937893033027649,0.012663927674293519,0.013611105084419251
165,0.014792185867031127,0.016560510173439978,-0.0015499293804168701,0.012682299315929412,0.01438521146774292
166,0.014390224294557441,0.01688885800540447,-0.0024524137377738954,0.013448214530944825,0.013733035326004029
167,0.013063751105394317,0.013506335020065308,-0.004014118015766144,0.014141389727592468,0.011963295936584472
168,0.009586783503497065,0.014604290947318077,0.007856706529855728,0.019537195563316345,0.018733450770378114
169,0.014922823378085065,0.01512245237827301,0.00552377849817276,0.017558614909648895,0.015334495902061462
170,0.014721842591848222,0.018036818131804466,0.0051548689603805545,0.01773146390914917,0.015571472048759461
171,0.01591767826995738,0.016011784970760345,0.003822362422943115,0.0163506880402565,0.016562238335609436
172,0.01782699573920732,0.019489404559135438,0.0003196924924850464,0.016424895823001863,0.01724226474761963
173,0.018239006350992848,0.02146766409277916,-0.00038142800331115724,0.01704499125480652,0.016631093621253968
174,0.018932390063509913,0.01736851967871189,-0.001878499984741211,0.01772836744785309,0.0149055615067482
175,0.019977490151941474,0.01701306812465191,0.01189107820391655,0.020683446526527406,0.02204772233963013
176,0.01862086984484282,0.016789687797427177,0.00976126566529274,0.018715628981590272,0.01863448917865753
177,0.020500040196157254,0.020766903087496756,0.009100475907325744,0.018864518404006957,0.01891229599714279
178,0.022469651901278226,0.019100717455148696,0.0077211916446685794,0.017444391548633576,0.019819453358650208
179,0.021203472947986163,0.02173132374882698,0.0046873271465301515,0.017520058155059814,0.020512796938419342
180,0.01866106600209022,0.023362161591649055,0.0035303190350532533,0.01811690181493759,0.01992965042591095
181,0.021052737358308538,0.019673723354935647,0.0022643402218818663,0.018760858476161955,0.018229010701179504
182,0.022298818232976914,0.01898844391107559,0.014250582456588745,0.024053305387496948,0.024243123829364777
183,0.025775785834874165,0.021497638151049613,0.012073075771331787,0.022186313569545747,0.020985415577888487
184,0.02502210788648604,0.02228947654366493,0.011967240273952484,0.022276784479618072,0.021159997582435607
185,0.02475078382506632,0.021328154951334,0.010371361672878266,0.020792515575885774,0.0219482421875
186,0.024549803038829476,0.024227193742990493,0.007516942918300629,0.02093425244092941,0.022572708129882813
187,0.026318433957713633,0.027177656441926955,0.006366586685180664,0.02144577503204346,0.02199738323688507
188,0.024610097274700538,0.02254483848810196,0.005017830431461335,0.02204376310110092,0.02036377787590027
189,0.023836321247688724,0.02300918772816658,0.017861762642860414,0.027828334271907805,0.02856025695800781
190,0.02214808264329929,0.024501422047615053,0.016209862381219863,0.0261526882648468,0.025491037964820863
191,0.020962296004501974,0.026966532133519648,0.016150607168674468,0.02621881812810898,0.025567041337490083
192,0.020278961331296724,0.024789100885391234,0.014183208346366882,0.024719521403312683,0.02622665762901306
193,0.02511254924029263,0.025946809351444243,0.011204256117343903,0.024865058064460755,0.026808285713195802
194,0.02617774740734785,0.03024253696203232,0.010610271990299226,0.025299787521362305,0.026249539852142335
195,0.028368437977329353,0.02638322822749615,0.009091156721115112,0.025771498680114746,0.024732783436775208
196,0.03310153549320685,0.023041478544473647,0.01772248148918152,0.02757134884595871,0.029417921602725983
197,0.033634134576734476,0.02474300190806389,0.015655171126127243,0.02589845359325409,0.026272884011268614
198,0.03417678269957394,0.027698496542870998,0.015682578086853027,0.025937213003635405,0.026408155262470246
199,0.04255768148564995,0.025786614790558816,0.014126577973365783,0.024432146549224855,0.02707214653491974
200,0.04843636948307739,0.026751261949539185,0.011389258503913879,0.024622334539890288,0.02767011821269989
201,0.04855695795481954,0.030164478719234465,0.010318060219287873,0.025038552284240723,0.027118383347988127
202,0.04669788568212879,0.026695503294467925,0.009390647709369659,0.025484296679496764,0.025602418184280395
203,0.04801430983198007,0.03614840283989906,0.03543279692530632,0.042344479262828826,0.04745815843343735
204,0.0534608891389983,0.03817333430051804,0.03346267342567444,0.04115990251302719,0.0452961266040802
205,0.055209421979258766,0.04174476079642773,0.03376514911651611,0.041664409637451175,0.04477480947971344
206,0.0531192218023957,0.03671274706721306,0.0318860687315464,0.04022312313318253,0.045593610405921935
207,0.05462657769917198,0.03870989382266998,0.029181666672229767,0.0403105191886425,0.04611568748950958
208,0.05216456306777073,0.04377746656537056,0.02775394171476364,0.040420784056186675,0.0455186665058136
209,0.04806455502853926,0.04021702855825424,0.027181866765022277,0.04056042730808258,0.044490921497344973
210,0.04692901358630114,0.043614304065704344,0.039058178663253784,0.051998058706521987,0.0514583095908165
211,0.04665768952488142,0.04700885564088821,0.03767591193318367,0.051220601052045824,0.05006708055734634
212,0.045642736554385416,0.049412979185581206,0.03846777528524399,0.05249821692705155,0.049013322591781615
213,0.03952287161347376,0.04424091428518295,0.03583118394017219,0.0508502185344696,0.050066965818405154
214,0.039784146635581635,0.04567519724369049,0.03381837159395218,0.051052381098270413,0.05044775009155274
215,0.04484886244874989,0.04965228587388992,0.032227539271116254,0.051424673199653624,0.04983977973461151
216,0.03980424471420535,0.04947326257824898,0.03168583363294601,0.05098438113927841,0.049076919257640836
217,0.038528016721601416,0.038314513862133026,0.030911007523536684,0.04454371780157089,0.04332518130540848
218,0.037513063751105385,0.041529405117034915,0.02966965064406395,0.04377840608358383,0.04124144911766052
219,0.04086944288126057,0.045895397663116455,0.029930967092514037,0.04442673027515411,0.04063407182693481
220,0.04360278157408151,0.040668219327926636,0.02824404984712601,0.042978395521640775,0.04139203429222107
221,0.04434641048315782,0.04176688864827156,0.025905635952949525,0.04348351061344147,0.04181528091430664
222,0.045391510571589355,0.04537179246544838,0.024645993113517763,0.04363743513822556,0.04120931923389435
223,0.04749175978776432,0.04412257373332977,0.024492420256137848,0.04327968657016754,0.04019659161567688
224,0.050174853284026044,0.03767557665705681,0.033715762197971344,0.04406348913908005,0.04668335914611817
225,0.0491498512742182,0.04259656667709351,0.03268243223428726,0.04314961582422257,0.04457864612340927
226,0.04572312886888011,0.044288575649261475,0.033161630481481554,0.0437737226486206,0.04399684369564057
227,0.04805450598922745,0.041053653508424756,0.03146972209215164,0.04228813201189041,0.04482065737247467
228,0.052556475600932545,0.04215043336153031,0.0295950822532177,0.04270550608634949,0.04529131203889847
229,0.050174853284026044,0.04725362956523895,0.028324879705905914,0.042768724262714386,0.04467946439981461
230,0.049200096470777416,0.042788411304354665,0.02748004496097565,0.042590610682964325,0.04369058161973953
231,0.048285633893399765,0.04223688393831253,0.03678723648190498,0.04931988567113876,0.05033131092786789
232,0.0468285231931827,0.048008530586957934,0.03613205999135971,0.04854476451873779,0.04866527318954468
233,0.04935083206045504,0.04724935367703438,0.037212216109037397,0.04961296394467354,0.0477677047252655
234,0.05070745236755367,0.0449290044605732,0.03460772931575775,0.04800481796264648,0.048775435984134675
235,0.05519937293994695,0.04565146341919899,0.032820303738117215,0.04833467677235603,0.04919780045747757
236,0.05480746040678511,0.0513301283121109,0.031446611136198045,0.04854867905378342,0.048575985431671145
237,0.05420451804807461,0.047802530229091644,0.0312733605504036,0.048158909380435946,0.047743777930736545
238,0.05454618538467723,0.04655892550945282,0.040669240057468414,0.05212158486247063,0.05379119217395782
239,0.05241578905056679,0.05043439492583275,0.039550046622753146,0.0514369398355484,0.052381275594234465
240,0.047361122276710355,0.05206891223788261,0.039919079095125196,0.052704378962516785,0.05137546956539154
241,0.050938580271726014,0.04920452311635017,0.0378777027130127,0.05110248923301697,0.052463079988956454
242,0.0515314735911247,0.04988118931651116,0.03569784313440323,0.051386505365371704,0.052882447838783264
243,0.050285392716456295,0.05351633206009865,0.034401591122150424,0.051669134944677356,0.05226606577634811
244,0.05155157166974836,0.052927924692630766,0.034784655272960666,0.051142095029354094,0.051516775786876676
245,0.04906945895972345,0.04750765711069107,0.03804127126932144,0.051380515843629834,0.05127839893102646
246,0.04881823297692742,0.04943147599697113,0.03634163439273834,0.05078624486923218,0.04974786639213562
247,0.04435645952246964,0.05226137191057205,0.03710454776883125,0.05196300894021988,0.04875547885894775
248,0.04543170672883673,0.04920651391148567,0.0351628415286541,0.05042204409837723,0.049818055331707
249,0.04609494332341829,0.052545444667339326,0.03387581184506416,0.050771917402744296,0.050212064385414125
250,0.0428290055470697,0.05223268419504166,0.03163172900676727,0.05104358941316604,0.0495915949344635
251,0.047521906905699796,0.05345313847064972,0.03163035809993744,0.05048068016767502,0.04881667792797088
252,0.04339175174853285,0.03988468647003174,0.03164065405726433,0.04692450016736984,0.04671097695827484
253,0.04022630436530267,0.043776673078536985,0.030481582134962083,0.04622507393360138,0.04479811191558838
254,0.040658413055711884,0.046574175357818604,0.03176833912730217,0.04704450219869614,0.04405969977378845
255,0.04283905458638154,0.043473439663648604,0.02954595386981964,0.045570078492164615,0.04494855105876923
256,0.05054666773856417,0.04368201419711113,0.028048260509967803,0.04603982269763947,0.04536005109548569
257,0.0523253476967602,0.046954069286584854,0.026583391427993774,0.04617918729782104,0.04474559277296066
258,0.04463783262320123,0.047238555550575254,0.02610863298177719,0.045750750601291655,0.04382282644510269
259,0.04302998633330654,0.03948926106095314,0.033486177772283555,0.04658447951078415,0.04841864705085754
260,0.04318072192298417,0.04267755150794983,0.03213480040431023,0.04574446976184845,0.04654865711927414
261,0.044567489348018324,0.04464225322008133,0.03328840360045433,0.04657490253448486,0.04579862058162689
262,0.053732213200418044,0.043805289268493655,0.031906262040138245,0.04502654373645783,0.04670960903167724
263,0.05559128547310879,0.04305215626955032,0.02975067272782326,0.045449943840503694,0.04716264754533768
264,0.048918723370045825,0.045480746775865555,0.028676098585128783,0.04558107480406761,0.04654540866613388
265,0.050094460969531296,0.04607315622270107,0.028362154960632324,0.045248331129550935,0.04562105536460877
266,0.053330251627944386,0.04455728605389595,0.03613347187638283,0.0497295007109642,0.05101679116487503
267,0.0550888335075167,0.04632383957505226,0.03487138897180557,0.04893883392214775,0.04942113012075424
268,0.05796285875070342,0.0488780677318573,0.03559975102543831,0.05003044903278351,0.04849982410669327
269,0.05747045582442317,0.04723742678761482,0.034235508739948274,0.04842195212841034,0.04950887411832809
270,0.05455623442398905,0.04772756919264794,0.03216133341193199,0.04876707643270493,0.0499350443482399
271,0.05265696599405095,0.047943835705518724,0.030568265914916994,0.04898619800806046,0.04932411909103394
272,0.05464667577779564,0.05234962925314903,0.030553680658340455,0.04855329543352127,0.04849863350391388
273,0.05113956105796286,0.04973038285970688,0.03854666277766228,0.05454556718468666,0.05413980633020401
274,0.052174612107082574,0.051144668459892274,0.03720312267541885,0.05395039767026901,0.05296004712581635
275,0.05163196398424311,0.0545392245054245,0.03814885467290878,0.05538221001625061,0.051821616291999814
276,0.05419446900876276,0.05116569250822067,0.0361667737364769,0.05378221645951271,0.05293959677219391
277,0.0559128547310877,0.05313226655125618,0.03454353213310242,0.05401696562767029,0.05330297350883484
278,0.05696800385883108,0.052825288474559785,0.03273798078298569,0.05442784503102303,0.052702637016773225
279,0.05604349224214167,0.05714498162269592,0.03283656314015389,0.05377865731716156,0.05201809406280518
280,0.05462657769917198,0.04863592684268951,0.042400643974542615,0.054584717750549315,0.05541918128728866
281,0.05468687193504301,0.04957860112190247,0.040863188356161116,0.05403430387377739,0.05423469543457031
282,0.05394324302596673,0.05447749048471451,0.041460088640451434,0.055436085909605026,0.053128568828105925
283,0.0568273173084653,0.05196509957313537,0.03979619443416595,0.0538802444934845,0.05425965934991837
284,0.05502853927164564,0.05146833136677742,0.0383888766169548,0.054133154451847076,0.054652139544487
285,0.06228394565479539,0.05232296362519264,0.03669608309864998,0.05451735705137253,0.054041622579097746
286,0.0637511053943243,0.05596202537417412,0.036245981603860854,0.05384893044829368,0.053357966244220734
287,0.060957472465632295,0.05344630479812622,0.04512604847550392,0.057458259910345075,0.0594717413187027
288,0.061419728273977015,0.05367919579148293,0.043551696091890336,0.05691866129636765,0.058534982800483706
289,0.06041482434279283,0.05843327641487121,0.04477664157748222,0.05851870477199554,0.05741210877895355
290,0.06445453814615323,0.05631892904639244,0.043186528235673906,0.05692523568868637,0.05862985104322434
291,0.06224374949754802,0.0555811196565628,0.04158293828368187,0.05709539949893951,0.059014317393302915
292,0.0659819921215532,0.05655437931418419,0.04017911404371262,0.05760410875082016,0.05847425311803818
293,0.06225379853685986,0.059449268877506255,0.039877010881900786,0.056837611645460126,0.0577850341796875
294,0.06559007958839136,0.05708656534552574,0.04829660877585411,0.06189349442720413,0.06158757507801056
295,0.06860479138194389,0.0577054850757122,0.0472363218665123,0.06151356622576713,0.06110378801822662
296,0.07013224535734383,0.061659997701644896,0.04857639297842979,0.06334264129400254,0.05982939153909683
297,0.07060455020500042,0.05889354422688484,0.046193288266658784,0.0617576003074646,0.06110668480396271
298,0.06982072513867674,0.059173765033483504,0.044428376108407976,0.06179279386997223,0.06141078770160675
299,0.07309671195433717,0.0603376567363739,0.043622174113988874,0.06258274912834168,0.06099222004413605
300,0.06604228635742423,0.06424862742424012,0.04302137717604637,0.061636056005954745,0.06031730622053146
301,0.07439303802556477,0.06277377232909202,0.05396831482648849,0.06742662265896797,0.0661874234676361
302,0.07160945413618461,0.0638604149222374,0.052754825353622435,0.06708788424730301,0.06617549210786819
303,0.0664241498512742,0.06641712561249732,0.054026859998703006,0.06918704658746719,0.06489725708961487
304,0.06673567006994133,0.06447538733482361,0.0518821932375431,0.0676302507519722,0.06621740162372589
305,0.06741900474314652,0.066104194521904,0.050456845015287397,0.06753121912479401,0.06646392941474914
306,0.0676802797652544,0.06616025790572166,0.04902436882257462,0.06860649436712266,0.06633073389530182
307,0.07262440710668064,0.06979826390743256,0.049332913011312485,0.0675778828561306,0.06564971804618835
308,0.07370970335235952,0.06402066573500634,0.05189818367362022,0.06712481752038002,0.06661032885313034
309,0.07213200418040036,0.06477565765380859,0.05065796375274658,0.06688624098896981,0.0664537563920021
310,0.0760712275906423,0.06853402704000473,0.05153393745422363,0.06891140639781952,0.0652516946196556
311,0.07960848942841067,0.06558989807963371,0.050006262958049774,0.06744330525398254,0.06659168750047684
312,0.08513546104992362,0.06820994094014168,0.04845483303070068,0.0673198789358139,0.06685346961021424
313,0.08896414502773534,0.06682921275496483,0.0466237761080265,0.06845307797193527,0.06667964160442352
314,0.08724575930541043,0.07088729813694954,0.04707206338644028,0.06740955337882042,0.06599513292312623
315,0.07494573518771605,0.07580292820930482,0.06735538691282272,0.07879724651575089,0.08196523189544677
316,0.07499598038427527,0.07479019016027451,0.06643419116735458,0.07840396165847778,0.08238356411457062
317,0.07793029986333302,0.08002660870552063,0.0675568401813507,0.08085381090641022,0.08103708028793336
318,0.07844280086823704,0.07620251923799515,0.06551625430583954,0.07929733097553253,0.08289010524749756
319,0.08227148484604871,0.07673399448394776,0.06449254304170608,0.07918317466974259,0.0827100545167923
320,0.07702588632526727,0.07771841138601303,0.06259736120700836,0.08013487607240677,0.08320484012365341
321,0.08165849344802636,0.08049022257328034,0.06257770285010338,0.07932893037796021,0.08255208730697632
322,0.08476364659538546,0.07273492068052292,0.060484247654676436,0.07624154537916183,0.07542189210653305
323,0.08376879170351317,0.07309641242027283,0.05985720753669739,0.07599178403615951,0.07592287808656692
324,0.08269354449714608,0.07850622832775116,0.06133645921945572,0.07838060557842255,0.07462710291147232
325,0.08151780689766061,0.07504439502954482,0.05957770273089409,0.07681944221258163,0.07606555670499801
326,0.08782860358549724,0.07744459956884384,0.05857767835259438,0.07671241313219071,0.0760592207312584
327,0.0894063027574564,0.07658913135528564,0.0568931370973587,0.07794233411550522,0.07648144513368607
328,0.09366709542567733,0.0799884706735611,0.057047931104898454,0.07711640149354934,0.07579045593738556
329,0.0949935686148404,0.08142656981945037,0.06907934695482254,0.08285109251737595,0.0858697772026062
330,0.09288327035935365,0.0794973462820053,0.06833821833133698,0.08258122205734253,0.08630382120609284
331,0.09292346651660102,0.08509254604578018,0.06920162588357925,0.08512166738510132,0.08494613617658615
332,0.08841144786558405,0.08165461122989655,0.06760035008192063,0.08372308164834977,0.08697764426469803
333,0.09124527695152343,0.08449290692806244,0.06614310294389725,0.08359099924564362,0.08661125749349594
334,0.0890244392636064,0.08140330463647842,0.06443226635456085,0.08455002307891846,0.08724665939807892
335,0.0889440469491117,0.08791159689426423,0.06545031070709229,0.08390889763832092,0.08660484105348587
336,0.09104429616528656,0.08231765627861024,0.07142786234617234,0.08569921553134918,0.08369361609220505
337,0.09035091245276952,0.0840445563197136,0.07053027153015137,0.08564885854721069,0.08443827629089355
338,0.09181807219229846,0.08697826117277145,0.07182050049304962,0.08831702172756195,0.0829099491238594
339,0.0907729721038669,0.08397155106067658,0.06978710591793061,0.0870104432106018,0.08486749976873398
340,0.09422984162714046,0.08783703297376633,0.0693107858300209,0.08683768212795258,0.08436667174100876
341,0.09533523595144308,0.08626028895378113,0.06737093925476074,0.08785246759653091,0.08515736162662506
342,0.10001808827076134,0.08986381888389587,0.06764893978834152,0.08739337623119355,0.08447851985692978
343,0.09992764691695474,0.08786629736423493,0.07564442306756973,0.08935370147228242,0.09259356707334518
344,0.10419848862448747,0.08757101446390152,0.0753762111067772,0.089286470413208,0.09301882088184357
345,0.10435927325347696,0.09229996055364609,0.07673050314188004,0.09210391491651534,0.09168786853551865
346,0.09509405900795884,0.08939161896705627,0.07481681555509567,0.09090538620948792,0.09395241886377334
347,0.09503376477208778,0.09010137915611267,0.07402723878622056,0.09070113897323609,0.09322667419910431
348,0.09773695634697324,0.08967094272375106,0.07188792824745179,0.09152539372444153,0.09408641457557679
349,0.09389822332984968,0.09409360736608505,0.07323992103338242,0.09115554988384247,0.09347739964723586
350,0.1013546104992363,0.09083099365234375,0.07587177604436875,0.0921655535697937,0.089553801715374
351,0.10322373181123887,0.09122364521026612,0.075359745323658,0.09206424355506897,0.09027517586946487
352,0.10028941233218105,0.0947380855679512,0.0771996945142746,0.09499833136796951,0.0888116180896759
353,0.10151539512822574,0.09153855741024017,0.07535126954317092,0.09377800673246384,0.09090210646390914
354,0.10651981670552294,0.09568537175655364,0.07445819824934005,0.09357688277959823,0.09005506187677384
355,0.10514309831980065,0.0931111916899681,0.07323356717824936,0.09434271305799484,0.09105030000209809
356,-0.0349606077658976,0.09742614328861236,0.07350873053073884,0.09417894780635834,0.09045749753713608
357,-0.03641771846611466,0.06251272484660149,0.03061157464981079,0.07747311294078826,0.04489632397890091
358,-0.036970415628265946,0.07400657683610916,0.03010091558098793,0.0764385312795639,0.046482418477535245
359,-0.03583487418602782,0.0652295894920826,0.032437306642532346,0.07971395254135132,0.043281775712966916
360,-0.036226786719189635,0.06705885082483291,0.028304701298475267,0.07794205099344254,0.04606924057006836
361,-0.03553340300667257,0.0686512291431427,0.028403419256210326,0.07858623415231705,0.0445823147892952
362,-0.03380496824503579,0.07095295935869217,0.027738620340824128,0.07953400760889054,0.04534152001142502
363,-0.035653991478414665,0.07481686472892761,0.028923580050468446,0.07932379692792893,0.044459134340286255
364,-0.037211592571750135,-0.009363346546888352,-0.04741202369332313,-0.023618488013744353,-0.025337356328964233
365,-0.03858831095747248,-0.009331900253891945,-0.04718752354383469,-0.02390323132276535,-0.027871096134185792
366,-0.03845767344641854,-0.011330342665314675,-0.04677862972021103,-0.022438865900039674,-0.03139995932579041
367,-0.04136184580754082,0.004239213466644287,-0.04429232478141785,-0.024765011668205262,-0.02333269715309143
368,-0.03875914462577379,-0.013849210739135743,-0.045934845507144925,-0.026461781561374666,-0.022190234065055846
369,-0.03716134737519092,-0.016458507627248764,-0.04519512802362442,-0.02060125023126602,-0.02290317714214325
370,-0.03883953694026851,-0.010868050903081895,-0.049211223423480985,-0.02345862090587616,-0.02565232515335083
371,-0.03744272047592251,-0.005106393992900848,-0.04303126707673073,-0.026060254871845247,-0.02787718176841736
372,-0.03638757134817913,-0.01223798505961895,-0.046880704164505,-0.024478732049465178,-0.03042401373386383
373,-0.03305129029664766,-0.005615133419632911,-0.04489082992076874,-0.02352066934108734,-0.03430812656879425
374,-0.036699091566846226,-0.011731185019016266,-0.04340183585882187,-0.024166926741600037,-0.025396451354026794
375,-0.04097998231369082,-0.0204764723777771,-0.0458488330245018,-0.028771011531352995,-0.02379556596279144
376,-0.03748291663316988,-0.017330696061253547,-0.0477686271071434,-0.021989709138870238,-0.024687710404396056
377,-0.03952287161347376,-0.015764831751585006,-0.050598882138729095,-0.025357317924499512,-0.027771514654159547
378,-0.0388596350188922,-0.0012766156345605851,-0.03602860942482948,-0.02393108457326889,-0.028165289759635927
379,-0.04233660262078945,0.0023483287543058394,-0.0402286484837532,-0.022008855640888215,-0.03065853416919708
380,-0.0477831819278077,0.004996619001030922,-0.03802057355642319,-0.021253904700279234,-0.03453375995159149
381,-0.04668783664281695,-0.006582922115921974,-0.03811967521905899,-0.02120935022830963,-0.025687405467033388
382,-0.04266822091808026,-0.004752561450004578,-0.03941406607627869,-0.025967203080654144,-0.024123281240463257
383,-0.04338170270922101,-0.012177228555083274,-0.042600174248218534,-0.01967463791370392,-0.024992150068283082
384,-0.04135179676822895,0.001766718178987503,-0.04806510806083679,-0.02275109589099884,-0.028056606650352478
385,-0.04573317790819198,-0.005011742562055587,-0.035519910603761674,-0.028003843128681184,-0.03141500651836395
386,-0.046456708738644575,0.00291491337120533,-0.039031247794628146,-0.025643055140972138,-0.03400309681892395
387,-0.05094862931103786,0.0009524751454591751,-0.037278108298778534,-0.02492596358060837,-0.038344985246658324
388,-0.0525162794436852,-0.009771136939525605,-0.03811191767454147,-0.024440938234329225,-0.02852892279624939
389,-0.05272730926923386,0.003934574872255325,-0.03809988349676132,-0.0297191321849823,-0.026731723546981813
390,-0.05577216818072192,-0.004925481975078583,-0.043905073404312135,-0.023103316128253937,-0.02770070731639862
391,-0.0535312324141812,0.0069669030606746675,-0.04560282826423645,-0.026585078239440917,-0.031178417801856994
392,-0.0505466677385642,-0.0006744958460330963,-0.04190680608153343,-0.03412815481424332,-0.04113934338092804
393,-0.04516038266741701,0.0008631084114313125,-0.04887720495462418,-0.031205718219280244,-0.04345022141933441
394,-0.04911970415628267,0.0023577291518449782,-0.042828886210918425,-0.03069232702255249,-0.0489271879196167
395,-0.050014068655036575,-0.01450052559375763,-0.04475982934236526,-0.029664105176925658,-0.03728474080562592
396,-0.04926039070664845,0.00152059867978096,-0.046793344616889956,-0.03574809283018112,-0.03583045303821564
397,-0.04916994935284186,-0.0011789828538894653,-0.04901035875082016,-0.028644026815891267,-0.035948452353477475
398,-0.04735107323739851,0.007794132828712464,-0.05862340331077576,-0.032516831159591676,-0.0412390798330307
399,-0.050566765817187886,-0.0002347305417060852,-0.035493192821741106,-0.03172652274370193,-0.03621812462806702
400,-0.04962215612187473,-0.0075958013534545895,-0.04130545854568481,-0.02879468947649002,-0.03883395195007324
401,-0.04932068494251948,0.007730422541499138,-0.030885867774486542,-0.0279796838760376,-0.04372580647468567
402,-0.05183294477047995,-0.011902721226215362,-0.03559244871139526,-0.026706475019454955,-0.03273334801197052
403,-0.051189806254522074,0.0027593787759542464,-0.034530018270015714,-0.032948164641857146,-0.031016337871551513
404,-0.05230524961813651,0.0046838678419589995,-0.037060441076755525,-0.026191209256649018,-0.031641051173210144
405,-0.0521344159498352,0.005064671114087105,-0.04790079593658447,-0.029768535494804384,-0.03601241707801819
406,-0.05420451804807461,0.0009731121361255645,-0.035089685767889026,-0.03320857137441635,-0.03935394287109375
407,-0.058686389581156045,-0.007994501292705536,-0.04121922850608826,-0.030099062621593474,-0.0417754203081131
408,-0.058354771283865264,0.012104716151952744,-0.03493903428316116,-0.029481036961078642,-0.047064611315727235
409,-0.05821408473349947,-0.01293594166636467,-0.03396705687046051,-0.02808997631072998,-0.03561945855617523
410,-0.0547069700136667,-0.008652553707361222,-0.03838614076375961,-0.03444352000951767,-0.034041932225227355
411,-0.04917999839215373,0.004465126618742943,-0.04171907007694244,-0.027530114352703094,-0.034344646334648135
412,-0.05025524559852079,0.0019056692719459534,-0.049142302572727205,-0.03119497001171112,-0.0393236517906189
413,-0.04896896856660504,0.0012110460549592972,-0.04055199399590492,-0.03495693653821945,-0.03867088556289673
414,-0.0483861242865182,-0.022371380776166915,-0.045402662456035615,-0.03143472820520401,-0.041080281138420105
415,-0.045391510571589355,-0.008393283188343047,-0.04324837177991867,-0.031156501173973082,-0.046692633628845216
416,-0.046165286598601196,-0.019521605968475342,-0.04380784034729004,-0.02926590442657471,-0.03492430150508881
417,-0.048757938741056356,-0.00497455932199955,-0.04307337552309036,-0.036235228180885315,-0.033282771706581116
418,-0.045883913497869605,-0.011260990425944329,-0.04990570694208145,-0.029178212583065032,-0.03335358500480652
419,-0.048617252190690574,-0.0066777639091014866,-0.0570314347743988,-0.03267076909542084,-0.03877892792224884
420,-0.047552054023635354,0.005065234005451202,-0.033519019931554796,-0.030379520356655122,-0.03555228114128113
421,-0.04674813087868801,-0.01538926139473915,-0.0393169179558754,-0.027396129071712495,-0.038099703192710874
422,-0.042879250743628916,-0.0011685136705636978,-0.036283017694950105,-0.026483377814292906,-0.04289632737636566
423,-0.041211110217863195,-0.015084389224648475,-0.038653787970542905,-0.02516080141067505,-0.03217438459396362
424,-0.04355253637752232,0.008022746443748474,-0.03866132497787476,-0.031325492262840274,-0.030411991477012634
425,-0.04712999437253798,0.0024236831814050674,-0.04559051543474198,-0.024758069217205046,-0.03119266629219055
426,-0.049491518610820795,0.005376966297626495,-0.05467418730258942,-0.028199300169944763,-0.03529755175113678
427,-0.04904936088109979,0.006157198548316955,-0.03200690671801567,-0.0291866734623909,-0.03533266484737396
428,-0.053239810274137794,-0.014278075098991394,-0.03703575879335404,-0.0264724001288414,-0.03776917457580566
429,-0.05267706407267467,0.0017077583819627763,-0.03507613688707352,-0.02556397467851639,-0.04246003329753876
430,-0.05367191896454701,-0.012236938998103141,-0.03715674579143524,-0.02459554374217987,-0.0320662796497345
431,-0.051109413940027354,0.010288635641336441,-0.037392453849315645,-0.030250713229179382,-0.03032137155532837
432,-0.051079266822091796,0.0069513324648141864,-0.044465622305870055,-0.023780621588230133,-0.031194320321083067
433,-0.05067730524961814,0.007780719548463821,-0.052757471799850464,-0.027278441190719604,-0.0350614994764328
434,-0.04945132245357345,0.0038058415055274965,-0.03455381616950035,-0.03354262858629227,-0.03859246075153351
435,-0.048647399308626105,-0.01691359393298626,-0.03994420915842056,-0.030458776652812956,-0.04106933176517487
436,-0.04862730123000242,-0.003547748550772667,-0.03877378702163696,-0.02991609424352646,-0.04633595049381256
437,-0.05025524559852079,-0.01683785654604435,-0.03981826901435852,-0.02857649028301239,-0.03490602970123291
438,-0.04811480022509848,0.011145756766200065,-0.0403196707367897,-0.034884071350097655,-0.03329903781414032
439,-0.04844641852238926,0.003275320306420326,-0.04805017113685608,-0.02790885418653488,-0.033599159121513365
440,-0.047230484765656416,0.0068018980324268345,-0.05607139319181442,-0.031635069847106935,-0.03857018351554871
